sample_id,class_id,image_path,tensor_path,scene_name,scene_channel_model,scene_xml_path,scene_tx_name,scene_source,scene_loaded,scene_load_error,carrier_frequency_hz,sampling_rate_hz,num_snapshots,snapshot_duration_s,stft_window_size,stft_overlap,stft_nfft,stft_window_duration_s,stft_frequency_resolution_hz,rotor_frequency_hz,rotor_period_s,omega_rad_s,omega_h_rad_s,omega_theta_rad_s,omega_theta_over_omega_h,degree,degree_rad,body_speed_m_s,body_velocity_x,body_velocity_y,body_velocity_z,body_acceleration_x,body_acceleration_y,body_acceleration_z,blade_radius_m,num_uavs,num_rotors,num_blades_per_rotor,points_per_blade,num_scatterers,doppler_body_theory_hz,micro_doppler_max_theory_hz,doppler_support_min_theory_hz,doppler_support_max_theory_hz,stft_support_min_observed_hz,stft_support_max_observed_hz,stft_peak_observed_hz,window_ratio_Twin_over_Trot,window_strict_metric,window_check_pass,random_seed,noise_snr_db,created_time,initial_body_position_x,initial_body_position_y,initial_body_position_z,initial_rotor_phase_rad,bs_position_x,bs_position_y,bs_position_z,sample_elapsed_s,scene_channel_model,rt_solver,rt_max_depth,rt_los,rt_specular_reflection,rt_diffuse_reflection,rt_diffraction,rt_refraction,rt_snapshot_stride,rt_snapshots_solved,rt_elapsed_s,rt_total_valid_paths,rt_min_valid_paths_per_solved_snapshot,rt_max_valid_paths_per_solved_snapshot,rt_cir_sampling_frequency_hz
pitch30_v10_0000,pitch30_v10,images/pitch30_v10/pitch30_v10_0000.png,tensors/pitch30_v10/pitch30_v10_0000.npz,floor_wall,sionna_rt_pathsolver,,,,,,28000000000.0,20000.0,2048,0.1024,48,36,512,0.0024,416.6666666666667,24.508442021267147,0.04080226719969601,153.9910828098885,143.30484992127606,153.9910828098885,1.0745699318235418,30.0,0.5235987755982988,10.0,10.0,0.0,0.0,0.0,0.0,0.0,0.020101285044504064,1,4,2,3,25,-1867.9547119140625,501.972412109375,-2369.871826171875,-1365.9822998046875,-10000.0,9960.9375,-1875.0,0.058820260851041146,0.445243825620946,True,20260630,20.038566990786997,2026-06-30T16:16:39+08:00,0.021935521693647625,0.0008234806433878097,2.956647538482307,0.4144940630827998,,,,223.3588315480156,sionna_rt_pathsolver,sionna.rt.PathSolver,2,True,True,False,False,False,1,2048,223.3588315480156,51200,25,25,122880000.0
pitch30_v10_0001,pitch30_v10,images/pitch30_v10/pitch30_v10_0001.png,tensors/pitch30_v10/pitch30_v10_0001.npz,floor_wall,sionna_rt_pathsolver,,,,,,28000000000.0,20000.0,2048,0.1024,48,36,512,0.0024,416.6666666666667,24.014670861026715,0.041641211981917885,150.8886271107568,140.4176895725151,150.8886271107568,1.0745699318235418,30.0,0.5235987755982988,10.0,10.0,0.0,0.0,0.0,0.0,0.0,0.019497357589711186,1,4,2,3,25,-1867.9581298828125,476.2318115234375,-2344.152587890625,-1391.726318359375,-3007.8125,-742.1875,-1875.0,0.05763521006646412,0.4139018739489033,True,20260631,39.77600116499083,2026-06-30T16:21:13+08:00,-0.04191997080553183,0.0034216166749917315,3.0187565506924856,0.5182102033178387,,,,224.7310768640018,sionna_rt_pathsolver,sionna.rt.PathSolver,2,True,True,False,False,False,1,2048,224.7310768640018,51200,25,25,122880000.0
pitch30_v10_0002,pitch30_v10,images/pitch30_v10/pitch30_v10_0002.png,tensors/pitch30_v10/pitch30_v10_0002.npz,floor_wall,sionna_rt_pathsolver,,,,,,28000000000.0,20000.0,2048,0.1024,48,36,512,0.0024,416.6666666666667,23.466545844119548,0.042613855769087924,147.44465605802813,137.2127133762388,147.44465605802813,1.0745699318235418,30.0,0.5235987755982988,10.0,10.0,0.0,0.0,0.0,0.0,0.0,0.01980543958590319,1,4,2,3,25,-1867.95556640625,472.4412841796875,-2340.37109375,-1395.5142822265625,-3007.8125,-742.1875,-1875.0,0.056319710025886906,0.4012355096840859,True,20260632,32.36128295624728,2026-06-30T16:26:13+08:00,0.019377104576183843,0.0018976740276049203,3.0386572576350788,4.33300180779655,,,,299.8091078280122,sionna_rt_pathsolver,sionna.rt.PathSolver,2,True,True,False,False,False,1,2048,299.8091078280122,51200,25,25,122880000.0
pitch30_v10_0003,pitch30_v10,images/pitch30_v10/pitch30_v10_0003.png,tensors/pitch30_v10/pitch30_v10_0003.npz,floor_wall,sionna_rt_pathsolver,,,,,,28000000000.0,20000.0,2048,0.1024,48,36,512,0.0024,416.6666666666667,25.932240257807976,0.03856203667937669,162.93707097011003,151.63002997264806,162.93707097011003,1.0745699318235418,30.0,0.5235987755982988,10.0,10.0,0.0,0.0,0.0,0.0,0.0,0.01901637005219719,1,4,2,3,25,-1867.958251953125,501.5977783203125,-2369.523193359375,-1366.3604736328125,-10000.0,9960.9375,-1875.0,0.06223737661873914,0.47075830735464724,True,20260633,20.226038611042306,2026-06-30T16:32:03+08:00,0.019843249583635633,0.006049071764103894,3.016647855199685,3.2999978644292667,,,,349.85637619398767,sionna_rt_pathsolver,sionna.rt.PathSolver,2,True,True,False,False,False,1,2048,349.85637619398767,51200,25,25,122880000.0
pitch30_v10_0004,pitch30_v10,images/pitch30_v10/pitch30_v10_0004.png,tensors/pitch30_v10/pitch30_v10_0004.npz,floor_wall,sionna_rt_pathsolver,,,,,,28000000000.0,20000.0,2048,0.1024,48,36,512,0.0024,416.6666666666667,26.023675972952056,0.03842654669691396,163.51157851205477,152.16466948277264,163.51157851205477,1.0745699318235418,30.0,0.5235987755982988,10.0,10.0,0.0,0.0,0.0,0.0,0.0,0.021371559608992598,1,4,2,3,25,-1867.9508056640625,566.7386474609375,-2434.619384765625,-1301.212158203125,-3046.875,-703.125,-1875.0,0.06245682233508492,0.5337695856967188,True,20260634,34.5409614115989,2026-06-30T16:38:45+08:00,-0.02496211481391103,0.039653678430419975,2.9542080842164515,1.705295255365074,,,,401.6027158329962,sionna_rt_pathsolver,sionna.rt.PathSolver,2,True,True,False,False,False,1,2048,401.6027158329962,51200,25,25,122880000.0
pitch30_v10_0005,pitch30_v10,images/pitch30_v10/pitch30_v10_0005.png,tensors/pitch30_v10/pitch30_v10_0005.npz,floor_wall,sionna_rt_pathsolver,,,,,,28000000000.0,20000.0,2048,0.1024,48,36,512,0.0024,416.6666666666667,23.048856181601465,0.04338610090327349,144.8202345075337,134.77041392901646,144.8202345075337,1.0745699318235418,30.0,0.5235987755982988,10.0,10.0,0.0,0.0,0.0,0.0,0.0,0.020851565517230445,1,4,2,3,25,-1867.9532470703125,489.7720947265625,-2357.65966796875,-1378.18115234375,-6054.6875,4218.75,-1875.0,0.05531725483584351,0.4085505193740295,True,20260635,27.85315074386938,2026-06-30T16:46:20+08:00,-0.028869444903966847,0.015265144506943704,2.951925578160748,0.08245886907940621,,,,455.3839731469634,sionna_rt_pathsolver,sionna.rt.PathSolver,2,True,True,False,False,False,1,2048,455.3839731469634,51200,25,25,122880000.0
pitch30_v10_0006,pitch30_v10,images/pitch30_v10/pitch30_v10_0006.png,tensors/pitch30_v10/pitch30_v10_0006.npz,floor_wall,sionna_rt_pathsolver,,,,,,28000000000.0,20000.0,2048,0.1024,48,36,512,0.0024,416.6666666666667,22.975980847842266,0.043523713160385606,144.3623452812021,134.34429999006176,144.3623452812021,1.0745699318235418,30.0,0.5235987755982988,10.0,10.0,0.0,0.0,0.0,0.0,0.0,0.01922330013381839,1,4,2,3,25,-1867.95556640625,449.1473388671875,-2317.0869140625,-1418.8082275390625,-3007.8125,-742.1875,-1875.0,0.05514235403482143,0.37347818812230527,True,20260636,27.901518943157146,2026-06-30T16:54:53+08:00,0.03913422696991224,-0.03020937164559039,3.0244788302887384,3.5564615383291707,,,,512.514453804004,sionna_rt_pathsolver,sionna.rt.PathSolver,2,True,True,False,False,False,1,2048,512.514453804004,51200,25,25,122880000.0
pitch30_v10_0007,pitch30_v10,images/pitch30_v10/pitch30_v10_0007.png,tensors/pitch30_v10/pitch30_v10_0007.npz,floor_wall,sionna_rt_pathsolver,,,,,,28000000000.0,20000.0,2048,0.1024,48,36,512,0.0024,416.6666666666667,25.204579400765475,0.03967532979223726,158.3650429645309,147.37527849470524,158.3650429645309,1.0745699318235418,30.0,0.5235987755982988,10.0,10.0,0.0,0.0,0.0,0.0,0.0,0.0202255997767217,1,4,2,3,25,-1867.958740234375,518.8243408203125,-2386.750732421875,-1349.1343994140625,-10000.0,9960.9375,-1875.0,0.06049099056183714,0.47326256078430634,True,20260637,22.843188793733486,2026-06-30T17:04:30+08:00,0.00046472423227926496,-0.008235296811900696,2.9962505045054177,3.3516199582591306,,,,576.1626864580321,sionna_rt_pathsolver,sionna.rt.PathSolver,2,True,True,False,False,False,1,2048,576.1626864580321,51200,25,25,122880000.0
pitch30_v10_0008,pitch30_v10,images/pitch30_v10/pitch30_v10_0008.png,tensors/pitch30_v10/pitch30_v10_0008.npz,floor_wall,sionna_rt_pathsolver,,,,,,28000000000.0,20000.0,2048,0.1024,48,36,512,0.0024,416.6666666666667,26.32848862981385,0.03798167126340933,165.42677291909118,153.9469587040859,165.42677291909118,1.0745699318235418,30.0,0.5235987755982988,10.0,10.0,0.0,0.0,0.0,0.0,0.0,0.01813500531611694,1,4,2,3,25,-1867.9534912109375,486.5103759765625,-2354.42529296875,-1381.443115234375,-3320.3125,-703.125,-1875.0,0.06318837271155324,0.46357540697926924,True,20260638,26.56510243388303,2026-06-30T17:14:46+08:00,0.015302619595782024,-0.02102177557654309,2.955288449796638,3.7033028837750592,,,,616.4826093479642,sionna_rt_pathsolver,sionna.rt.PathSolver,2,True,True,False,False,False,1,2048,616.4826093479642,51200,25,25,122880000.0
pitch30_v10_0009,pitch30_v10,images/pitch30_v10/pitch30_v10_0009.png,tensors/pitch30_v10/pitch30_v10_0009.npz,floor_wall,sionna_rt_pathsolver,,,,,,28000000000.0,20000.0,2048,0.1024,48,36,512,0.0024,416.6666666666667,26.55373846711533,0.0376594806504711,166.84205938726842,155.26403116839307,166.84205938726842,1.0745699318235418,30.0,0.5235987755982988,10.0,10.0,0.0,0.0,0.0,0.0,0.0,0.02150405147909927,1,4,2,3,25,-1867.9559326171875,581.131103515625,-2449.033203125,-1286.8248291015625,-10000.0,9960.9375,-1875.0,0.06372897232107679,0.5584729540869661,True,20260639,20.617081534255593,2026-06-30T17:25:49+08:00,0.02312396001479962,0.03673724165422736,2.998267940672748,2.0716024408473457,,,,661.9929704529932,sionna_rt_pathsolver,sionna.rt.PathSolver,2,True,True,False,False,False,1,2048,661.9929704529932,51200,25,25,122880000.0
level_v0_0000,level_v0,images/level_v0/level_v0_0000.png,tensors/level_v0/level_v0_0000.npz,floor_wall,sionna_rt_pathsolver,,,,,,28000000000.0,20000.0,2048,0.1024,48,36,512,0.0024,416.6666666666667,24.508442021267147,0.04080226719969601,153.9910828098885,153.9910828098885,153.9910828098885,1.0,0.0,0.0,0.0,0.0,0.0,0.0,0.0,0.0,0.0,0.020101285044504064,1,4,2,3,25,0.0,578.2101440429688,-578.2095947265625,578.2101440429688,-10000.0,9960.9375,0.0,0.058820260851041146,0.5128658275555489,True,20260630,20.038566990786997,2026-06-30T19:28:21+08:00,0.021935521693647625,0.0008234806433878097,2.956647538482307,0.4144940630827998,-20.0,0.0,3.0,232.66162139194785,sionna_rt_pathsolver,sionna.rt.PathSolver,2,True,True,False,False,False,1,2048,231.74311175500043,51200,25,25,122880000.0
level_v0_0001,level_v0,images/level_v0/level_v0_0001.png,tensors/level_v0/level_v0_0001.npz,floor_wall,sionna_rt_pathsolver,,,,,,28000000000.0,20000.0,2048,0.1024,48,36,512,0.0024,416.6666666666667,24.014670861026715,0.041641211981917885,150.8886271107568,150.8886271107568,150.8886271107568,1.0,0.0,0.0,0.0,0.0,0.0,0.0,0.0,0.0,0.0,0.019497357589711186,1,4,2,3,25,0.0,549.5401000976562,-549.5401000976562,549.5401000976562,-1171.875,1171.875,0.0,0.05763521006646412,0.4776154631772089,True,20260631,39.77600116499083,2026-06-30T19:33:13+08:00,-0.04191997080553183,0.0034216166749917315,3.0187565506924856,0.5182102033178387,-20.0,0.0,3.0,291.5700008260319,sionna_rt_pathsolver,sionna.rt.PathSolver,2,True,True,False,False,False,1,2048,291.3264015149907,51200,25,25,122880000.0
level_v0_0002,level_v0,images/level_v0/level_v0_0002.png,tensors/level_v0/level_v0_0002.npz,floor_wall,sionna_rt_pathsolver,,,,,,28000000000.0,20000.0,2048,0.1024,48,36,512,0.0024,416.6666666666667,23.466545844119548,0.042613855769087924,147.44465605802813,147.44465605802813,147.44465605802813,1.0,0.0,0.0,0.0,0.0,0.0,0.0,0.0,0.0,0.0,0.01980543958590319,1,4,2,3,25,0.0,545.4815063476562,-545.4813232421875,545.4815063476562,-1171.875,1171.875,0.0,0.056319710025886906,0.46326719859520465,True,20260632,32.36128295624728,2026-06-30T19:39:05+08:00,0.019377104576183843,0.0018976740276049203,3.0386572576350788,4.33300180779655,-20.0,0.0,3.0,352.08432130800793,sionna_rt_pathsolver,sionna.rt.PathSolver,2,True,True,False,False,False,1,2048,351.83563426398905,51200,25,25,122880000.0
level_v0_0003,level_v0,images/level_v0/level_v0_0003.png,tensors/level_v0/level_v0_0003.npz,floor_wall,sionna_rt_pathsolver,,,,,,28000000000.0,20000.0,2048,0.1024,48,36,512,0.0024,416.6666666666667,25.932240257807976,0.03856203667937669,162.93707097011003,162.93707097011003,162.93707097011003,1.0,0.0,0.0,0.0,0.0,0.0,0.0,0.0,0.0,0.0,0.01901637005219719,1,4,2,3,25,0.0,578.7816162109375,-578.7815551757812,578.7816162109375,-10000.0,9960.9375,0.0,0.06223737661873914,0.5431966921541174,True,20260633,20.226038611042306,2026-06-30T19:45:43+08:00,0.019843249583635633,0.006049071764103894,3.016647855199685,3.2999978644292667,-20.0,0.0,3.0,398.39059757604264,sionna_rt_pathsolver,sionna.rt.PathSolver,2,True,True,False,False,False,1,2048,398.13629447697895,51200,25,25,122880000.0
level_v0_0004,level_v0,images/level_v0/level_v0_0004.png,tensors/level_v0/level_v0_0004.npz,floor_wall,sionna_rt_pathsolver,,,,,,28000000000.0,20000.0,2048,0.1024,48,36,512,0.0024,416.6666666666667,26.023675972952056,0.03842654669691396,163.51157851205477,163.51157851205477,163.51157851205477,1.0,0.0,0.0,0.0,0.0,0.0,0.0,0.0,0.0,0.0,0.021371559608992598,1,4,2,3,25,0.0,652.7560424804688,-652.7560424804688,652.7560424804688,-1210.9375,1210.9375,0.0,0.06245682233508492,0.6147830643221566,True,20260634,34.5409614115989,2026-06-30T19:53:03+08:00,-0.02496211481391103,0.039653678430419975,2.9542080842164515,1.705295255365074,-20.0,0.0,3.0,439.6158729380113,sionna_rt_pathsolver,sionna.rt.PathSolver,2,True,True,False,False,False,1,2048,439.37199174199486,51200,25,25,122880000.0
level_v0_0005,level_v0,images/level_v0/level_v0_0005.png,tensors/level_v0/level_v0_0005.npz,floor_wall,sionna_rt_pathsolver,,,,,,28000000000.0,20000.0,2048,0.1024,48,36,512,0.0024,416.6666666666667,23.048856181601465,0.04338610090327349,144.8202345075337,144.8202345075337,144.8202345075337,1.0,0.0,0.0,0.0,0.0,0.0,0.0,0.0,0.0,0.0,0.020851565517230445,1,4,2,3,25,0.0,564.0712280273438,-564.0712280273438,564.0712280273438,-1210.9375,1210.9375,-39.0625,0.05531725483584351,0.47052822252598525,True,20260635,27.85315074386938,2026-06-30T20:01:12+08:00,-0.028869444903966847,0.015265144506943704,2.951925578160748,0.08245886907940621,-20.0,0.0,3.0,489.2374888630002,sionna_rt_pathsolver,sionna.rt.PathSolver,2,True,True,False,False,False,1,2048,488.9863469339907,51200,25,25,122880000.0
level_v0_0006,level_v0,images/level_v0/level_v0_0006.png,tensors/level_v0/level_v0_0006.npz,floor_wall,sionna_rt_pathsolver,,,,,,28000000000.0,20000.0,2048,0.1024,48,36,512,0.0024,416.6666666666667,22.975980847842266,0.043523713160385606,144.3623452812021,144.3623452812021,144.3623452812021,1.0,0.0,0.0,0.0,0.0,0.0,0.0,0.0,0.0,0.0,0.01922330013381839,1,4,2,3,25,0.0,518.3807983398438,-518.3807983398438,518.3807983398438,-1445.3125,1406.25,0.0,0.05514235403482143,0.4310476865111906,True,20260636,27.901518943157146,2026-06-30T20:10:11+08:00,0.03913422696991224,-0.03020937164559039,3.0244788302887384,3.5564615383291707,-20.0,0.0,3.0,538.7335799849825,sionna_rt_pathsolver,sionna.rt.PathSolver,2,True,True,False,False,False,1,2048,538.4845823670039,51200,25,25,122880000.0
level_v0_0007,level_v0,images/level_v0/level_v0_0007.png,tensors/level_v0/level_v0_0007.npz,floor_wall,sionna_rt_pathsolver,,,,,,28000000000.0,20000.0,2048,0.1024,48,36,512,0.0024,416.6666666666667,25.204579400765475,0.03967532979223726,158.3650429645309,158.3650429645309,158.3650429645309,1.0,0.0,0.0,0.0,0.0,0.0,0.0,0.0,0.0,0.0,0.0202255997767217,1,4,2,3,25,0.0,598.3124389648438,-598.3124389648438,598.3124389648438,-10000.0,9960.9375,0.0,0.06049099056183714,0.545770224592593,True,20260637,22.843188793733486,2026-06-30T20:19:58+08:00,0.00046472423227926496,-0.008235296811900696,2.9962505045054177,3.3516199582591306,-20.0,0.0,3.0,587.0008514060173,sionna_rt_pathsolver,sionna.rt.PathSolver,2,True,True,False,False,False,1,2048,586.7454982000054,51200,25,25,122880000.0
level_v0_0008,level_v0,images/level_v0/level_v0_0008.png,tensors/level_v0/level_v0_0008.npz,floor_wall,sionna_rt_pathsolver,,,,,,28000000000.0,20000.0,2048,0.1024,48,36,512,0.0024,416.6666666666667,26.32848862981385,0.03798167126340933,165.42677291909118,165.42677291909118,165.42677291909118,1.0,0.0,0.0,0.0,0.0,0.0,0.0,0.0,0.0,0.0,0.01813500531611694,1,4,2,3,25,0.0,560.38916015625,-560.38916015625,560.38916015625,-8593.75,9843.75,0.0,0.06318837271155324,0.5339714131784918,True,20260638,26.56510243388303,2026-06-30T20:30:38+08:00,0.015302619595782024,-0.02102177557654309,2.955288449796638,3.7033028837750592,-20.0,0.0,3.0,640.6297834510333,sionna_rt_pathsolver,sionna.rt.PathSolver,2,True,True,False,False,False,1,2048,640.3771195519948,51200,25,25,122880000.0
level_v0_0009,level_v0,images/level_v0/level_v0_0009.png,tensors/level_v0/level_v0_0009.npz,floor_wall,sionna_rt_pathsolver,,,,,,28000000000.0,20000.0,2048,0.1024,48,36,512,0.0024,416.6666666666667,26.55373846711533,0.0376594806504711,166.84205938726842,166.84205938726842,166.84205938726842,1.0,0.0,0.0,0.0,0.0,0.0,0.0,0.0,0.0,0.0,0.02150405147909927,1,4,2,3,25,0.0,670.1826171875,-670.1825561523438,670.1826171875,-10000.0,9960.9375,-39.0625,0.06372897232107679,0.6440523725785642,True,20260639,20.617081534255593,2026-06-30T20:42:34+08:00,0.02312396001479962,0.03673724165422736,2.998267940672748,2.0716024408473457,-20.0,0.0,3.0,715.9823371579987,sionna_rt_pathsolver,sionna.rt.PathSolver,2,True,True,False,False,False,1,2048,715.7275064390269,51200,25,25,122880000.0
pitch45_v10_0000,pitch45_v10,images/pitch45_v10/pitch45_v10_0000.png,tensors/pitch45_v10/pitch45_v10_0000.npz,floor_wall,sionna_rt_pathsolver,,,,,,28000000000.0,20000.0,2048,0.1024,48,36,512,0.0024,416.6666666666667,24.498549032243456,0.040818743946176676,153.92892332661074,129.43827982921087,153.92892332661074,1.189207115002721,45.0,0.7853981633974483,10.0,10.0,0.0,0.0,0.0,0.0,0.0,0.021319964000109392,1,4,2,3,25,-1867.9534912109375,435.741943359375,-2303.618896484375,-1432.2115478515625,-3320.3125,-390.625,-1875.0,0.05879651767738429,0.38634213997182865,True,20460630,29.956183865772093,2026-06-30T20:55:41+08:00,-0.009646147279530469,0.014133724124041527,2.9526917886967063,4.835289089435434,-20.0,0.0,3.0,786.8754405989894,sionna_rt_pathsolver,sionna.rt.PathSolver,2,True,True,False,False,False,1,2048,786.6341292999568,37837,16,22,122880000.0
pitch45_v10_0001,pitch45_v10,images/pitch45_v10/pitch45_v10_0001.png,tensors/pitch45_v10/pitch45_v10_0001.npz,floor_wall,sionna_rt_pathsolver,,,,,,28000000000.0,20000.0,2048,0.1024,48,36,512,0.0024,416.6666666666667,26.620170479943567,0.03756549946791024,167.25946403419718,140.647883723614,167.25946403419718,1.189207115002721,45.0,0.7853981633974483,10.0,10.0,0.0,0.0,0.0,0.0,0.0,0.019855143967837514,1,4,2,3,25,-1867.9522705078125,439.400390625,-2307.320068359375,-1428.5518798828125,-3007.8125,-742.1875,-1875.0,0.06388840915186456,0.42332471327436116,True,20460631,37.057564754615754,2026-06-30T21:09:44+08:00,0.017526749456423518,-0.0494956207148182,3.023482218046329,2.523698642487669,-20.0,0.0,3.0,842.7029630790348,sionna_rt_pathsolver,sionna.rt.PathSolver,2,True,True,False,False,False,1,2048,842.429635884997,51200,25,25,122880000.0
pitch45_v10_0002,pitch45_v10,images/pitch45_v10/pitch45_v10_0002.png,tensors/pitch45_v10/pitch45_v10_0002.npz,floor_wall,sionna_rt_pathsolver,,,,,,28000000000.0,20000.0,2048,0.1024,48,36,512,0.0024,416.6666666666667,24.32375623833269,0.041112071268995194,152.83066781210977,128.51476070403436,152.83066781210977,1.189207115002721,45.0,0.7853981633974483,10.0,10.0,0.0,0.0,0.0,0.0,0.0,0.01958856053891954,1,4,2,3,25,-1867.9527587890625,397.3365478515625,-2265.240478515625,-1470.6162109375,-10000.0,9960.9375,-1875.0,0.05837701497199845,0.34977720933684053,True,20460632,21.727615437762374,2026-06-30T21:24:45+08:00,0.0010274628026397323,-0.035583462771671195,2.9607822814284295,0.6348605007179305,-20.0,0.0,3.0,901.1637951790472,sionna_rt_pathsolver,sionna.rt.PathSolver,2,True,True,False,False,False,1,2048,900.9246509940131,46843,21,24,122880000.0
pitch45_v10_0003,pitch45_v10,images/pitch45_v10/pitch45_v10_0003.png,tensors/pitch45_v10/pitch45_v10_0003.npz,floor_wall,sionna_rt_pathsolver,,,,,,28000000000.0,20000.0,2048,0.1024,48,36,512,0.0024,416.6666666666667,23.939418557605702,0.04177210894214863,150.41580294357047,126.48410949275754,150.41580294357047,1.189207115002721,45.0,0.7853981633974483,10.0,10.0,0.0,0.0,0.0,0.0,0.0,0.020241778931267346,1,4,2,3,25,-1867.957275390625,403.8248291015625,-2271.715576171875,-1464.1324462890625,-10000.0,9960.9375,-1875.0,0.05745460453825368,0.349871822886883,True,20460633,20.24479543637464,2026-07-01T13:38:07+08:00,-0.011800576506305852,0.0101709899974331,2.9751692479992937,3.512549369657412,-20.0,0.0,3.0,90.60911773692351,sionna_rt_pathsolver,sionna.rt.PathSolver,2,True,True,False,False,False,1,2048,87.78434626909439,51200,25,25,122880000.0
pitch45_v10_0004,pitch45_v10,images/pitch45_v10/pitch45_v10_0004.png,tensors/pitch45_v10/pitch45_v10_0004.npz,floor_wall,sionna_rt_pathsolver,,,,,,28000000000.0,20000.0,2048,0.1024,48,36,512,0.0024,416.6666666666667,23.863182864552417,0.041905558268400596,149.93679995709542,126.08131759853484,149.93679995709542,1.189207115002721,45.0,0.7853981633974483,10.0,10.0,0.0,0.0,0.0,0.0,0.0,0.02157560344078938,1,4,2,3,25,-1867.9576416015625,429.0391845703125,-2296.934814453125,-1438.91845703125,-3007.8125,-742.1875,-1875.0,0.0572716388749258,0.3705336713702838,True,20460634,31.27424378939068,2026-07-01T13:42:58+08:00,0.04309692973102318,0.003004663989316078,2.9759690277297484,4.097519807287546,-20.0,0.0,3.0,290.91068951797206,sionna_rt_pathsolver,sionna.rt.PathSolver,2,True,True,False,False,False,1,2048,290.66935181897134,51200,25,25,122880000.0
pitch45_v10_0005,pitch45_v10,images/pitch45_v10/pitch45_v10_0005.png,tensors/pitch45_v10/pitch45_v10_0005.npz,floor_wall,sionna_rt_pathsolver,,,,,,28000000000.0,20000.0,2048,0.1024,48,36,512,0.0024,416.6666666666667,23.068478036871674,0.043349197047227936,144.9435222602671,121.88248828290557,144.9435222602671,1.189207115002721,45.0,0.7853981633974483,10.0,10.0,0.0,0.0,0.0,0.0,0.0,0.019865260180846767,1,4,2,3,25,-1867.9581298828125,381.45068359375,-2249.34912109375,-1486.5074462890625,-3007.8125,-742.1875,-1875.0,0.05536434728849201,0.31846352053630916,True,20460635,34.25730129194183,2026-07-01T13:48:41+08:00,0.03133673264807359,0.01916395155051867,2.9986504084486523,0.6435211959595861,-20.0,0.0,3.0,343.5343747599982,sionna_rt_pathsolver,sionna.rt.PathSolver,2,True,True,False,False,False,1,2048,343.2954347570194,51200,25,25,122880000.0
pitch45_v10_0006,pitch45_v10,images/pitch45_v10/pitch45_v10_0006.png,tensors/pitch45_v10/pitch45_v10_0006.npz,floor_wall,sionna_rt_pathsolver,,,,,,28000000000.0,20000.0,2048,0.1024,48,36,512,0.0024,416.6666666666667,23.841506794728478,0.04194365769788959,149.80060519366023,125.96679191018586,149.80060519366023,1.189207115002721,45.0,0.7853981633974483,10.0,10.0,0.0,0.0,0.0,0.0,0.0,0.019607791613433224,1,4,2,3,25,-1867.94970703125,388.283935546875,-2256.188232421875,-1479.665771484375,-10000.0,9960.9375,-1875.0,0.05721961630734834,0.3350313707437326,True,20460636,21.426352998308523,2026-07-01T13:55:17+08:00,0.037936446432320955,0.04877188582837541,3.0425605302887515,5.621596135539746,-20.0,0.0,3.0,396.17955153796356,sionna_rt_pathsolver,sionna.rt.PathSolver,2,True,True,False,False,False,1,2048,395.93546186806634,51200,25,25,122880000.0
pitch45_v10_0007,pitch45_v10,images/pitch45_v10/pitch45_v10_0007.png,tensors/pitch45_v10/pitch45_v10_0007.npz,floor_wall,sionna_rt_pathsolver,,,,,,28000000000.0,20000.0,2048,0.1024,48,36,512,0.0024,416.6666666666667,24.88591234825732,0.04018337708522978,156.36279882232944,131.48491700873456,156.36279882232944,1.189207115002721,45.0,0.7853981633974483,10.0,10.0,0.0,0.0,0.0,0.0,0.0,0.019401747239265483,1,4,2,3,25,-1867.9578857421875,401.7791748046875,-2269.708251953125,-1466.1787109375,-10000.0,9960.9375,-1875.0,0.05972618963581756,0.3618623017784844,True,20460637,25.147895542941207,2026-07-01T14:02:45+08:00,-0.023231270689612084,-0.021459785763139796,3.003788207276807,3.9818410574602945,-20.0,0.0,3.0,447.5539007829502,sionna_rt_pathsolver,sionna.rt.PathSolver,2,True,True,False,False,False,1,2048,447.3118987369817,51200,25,25,122880000.0
pitch45_v10_0008,pitch45_v10,images/pitch45_v10/pitch45_v10_0008.png,tensors/pitch45_v10/pitch45_v10_0008.npz,floor_wall,sionna_rt_pathsolver,,,,,,28000000000.0,20000.0,2048,0.1024,48,36,512,0.0024,416.6666666666667,27.245351517155658,0.036703508830500026,171.1875923415355,143.95103273591144,171.1875923415355,1.189207115002721,45.0,0.7853981633974483,10.0,10.0,0.0,0.0,0.0,0.0,0.0,0.021373188901454225,1,4,2,3,25,-1867.955078125,484.4364013671875,-2352.324951171875,-1383.5186767578125,-3359.375,1523.4375,-1875.0,0.06538884364117357,0.47767392686964416,True,20460638,26.887668324113797,2026-07-01T14:11:03+08:00,0.04169552914074193,0.040492267740840485,3.010210692982082,0.2992092140524198,-20.0,0.0,3.0,498.30615305597894,sionna_rt_pathsolver,sionna.rt.PathSolver,2,True,True,False,False,False,1,2048,498.0636770520359,51200,25,25,122880000.0
pitch45_v10_0009,pitch45_v10,images/pitch45_v10/pitch45_v10_0009.png,tensors/pitch45_v10/pitch45_v10_0009.npz,floor_wall,sionna_rt_pathsolver,,,,,,28000000000.0,20000.0,2048,0.1024,48,36,512,0.0024,416.6666666666667,22.61154931588184,0.04422518713910606,142.0725544341154,119.46830172958587,142.0725544341154,1.189207115002721,45.0,0.7853981633974483,10.0,10.0,0.0,0.0,0.0,0.0,0.0,0.02156958549870838,1,4,2,3,25,-1867.9578857421875,406.3541259765625,-2274.269775390625,-1461.603759765625,-10000.0,9960.9375,-1875.0,0.05426771835811641,0.33253498761023553,True,20460639,20.31509820255723,2026-07-01T14:20:12+08:00,0.0458718812521,-0.0006723457257191492,2.978627078226912,4.795173600675577,-20.0,0.0,3.0,549.2521265760297,sionna_rt_pathsolver,sionna.rt.PathSolver,2,True,True,False,False,False,1,2048,549.0056315190159,51200,25,25,122880000.0
single_blade_v0_0000,single_blade_v0,images/single_blade_v0/single_blade_v0_0000.png,tensors/single_blade_v0/single_blade_v0_0000.npz,floor_wall,sionna_rt_pathsolver,,,,,,28000000000.0,20000.0,2048,0.1024,48,36,512,0.0024,416.6666666666667,26.17518545055241,0.038204122828054146,164.46354063561176,164.46354063561176,164.46354063561176,1.0,0.0,0.0,0.0,0.0,0.0,0.0,0.0,0.0,0.0,0.019362733849409907,1,1,1,1,1,-99.56239318847656,694.4062652587891,-594.8414916992188,594.8438720703125,-10000.0,9960.9375,-585.9375,0.06282044508132577,0.6578179950183105,True,20560630,26.446121580449464,2026-07-01T14:20:40+08:00,0.017763750398157876,0.010966915501170037,2.996681670924635,2.0441153329268,-20.0,0.0,3.0,27.16668100503739,sionna_rt_pathsolver,sionna.rt.PathSolver,2,True,True,False,False,False,1,2048,27.069542540004477,2048,1,1,122880000.0
single_blade_v0_0001,single_blade_v0,images/single_blade_v0/single_blade_v0_0001.png,tensors/single_blade_v0/single_blade_v0_0001.npz,floor_wall,sionna_rt_pathsolver,,,,,,28000000000.0,20000.0,2048,0.1024,48,36,512,0.0024,416.6666666666667,23.216890113172006,0.04307209084099744,145.87602283748535,145.87602283748535,145.87602283748535,1.0,0.0,0.0,0.0,0.0,0.0,0.0,0.0,0.0,0.0,0.0219423033468567,1,1,1,1,1,-76.71372985839844,674.6196136474609,-597.90576171875,597.9058837890625,-1718.75,1718.75,-546.875,0.05572053627161281,0.5668463587222227,True,20560631,33.70204201153714,2026-07-01T14:21:07+08:00,-0.009530997600642313,-0.010491205779777468,2.9785322532755116,2.604315122085915,-20.0,0.0,3.0,27.436802626005374,sionna_rt_pathsolver,sionna.rt.PathSolver,2,True,True,False,False,False,1,2048,27.342911351006478,2048,1,1,122880000.0
single_blade_v0_0002,single_blade_v0,images/single_blade_v0/single_blade_v0_0002.png,tensors/single_blade_v0/single_blade_v0_0002.npz,floor_wall,sionna_rt_pathsolver,,,,,,28000000000.0,20000.0,2048,0.1024,48,36,512,0.0024,416.6666666666667,25.41296753207457,0.03934998928156918,159.6743842093628,159.6743842093628,159.6743842093628,1.0,0.0,0.0,0.0,0.0,0.0,0.0,0.0,0.0,0.0,0.02106366056359034,1,1,1,1,1,-32.77949142456055,661.033031463623,-628.2538452148438,628.2535400390625,-10000.0,9960.9375,273.4375,0.06099112207697897,0.6079682433081735,True,20560632,24.547656625512364,2026-07-01T14:21:35+08:00,-0.03569705393004892,-0.0028751160205017917,2.9534168867466732,1.5170092325510869,-20.0,0.0,3.0,27.410964153008536,sionna_rt_pathsolver,sionna.rt.PathSolver,2,True,True,False,False,False,1,2048,27.31554432201665,2048,1,1,122880000.0
single_blade_v0_0003,single_blade_v0,images/single_blade_v0/single_blade_v0_0003.png,tensors/single_blade_v0/single_blade_v0_0003.npz,floor_wall,sionna_rt_pathsolver,,,,,,28000000000.0,20000.0,2048,0.1024,48,36,512,0.0024,416.6666666666667,24.293386316806437,0.041163466754249436,152.6398479673958,152.6398479673958,152.6398479673958,1.0,0.0,0.0,0.0,0.0,0.0,0.0,0.0,0.0,0.0,0.020223514688776725,1,1,1,1,1,51.344547271728516,627.9661293029785,-576.62158203125,576.6216430664062,-1718.75,1718.75,-468.75,0.05830412716033545,0.5521112899515686,True,20560633,32.102647011710616,2026-07-01T14:22:02+08:00,-0.04360503320825117,-0.04954978254389043,2.9589247157697187,5.198931517703636,-20.0,0.0,3.0,27.568872838979587,sionna_rt_pathsolver,sionna.rt.PathSolver,2,True,True,False,False,False,1,2048,27.4754088310292,2048,1,1,122880000.0
single_blade_v0_0004,single_blade_v0,images/single_blade_v0/single_blade_v0_0004.png,tensors/single_blade_v0/single_blade_v0_0004.npz,floor_wall,sionna_rt_pathsolver,,,,,,28000000000.0,20000.0,2048,0.1024,48,36,512,0.0024,416.6666666666667,26.050951366374363,0.03838631403269073,163.68295486325337,163.68295486325337,163.68295486325337,1.0,0.0,0.0,0.0,0.0,0.0,0.0,0.0,0.0,0.0,0.020645676103328486,1,1,1,1,1,-7.39545202255249,638.6418509483337,-631.2465209960938,631.2463989257812,-10000.0,9960.9375,-312.5,0.06252228327929847,0.6021203631123495,True,20560634,23.823648900655055,2026-07-01T14:22:30+08:00,0.02864524521610111,0.04937082582784097,2.959797901547846,4.133106634791915,-20.0,0.0,3.0,27.780047164065763,sionna_rt_pathsolver,sionna.rt.PathSolver,2,True,True,False,False,False,1,2048,27.682769222999923,2048,1,1,122880000.0
single_blade_v0_0005,single_blade_v0,images/single_blade_v0/single_blade_v0_0005.png,tensors/single_blade_v0/single_blade_v0_0005.npz,floor_wall,sionna_rt_pathsolver,,,,,,28000000000.0,20000.0,2048,0.1024,48,36,512,0.0024,416.6666666666667,24.06345228949262,0.04155679692047567,151.19512986535702,151.19512986535702,151.19512986535702,1.0,0.0,0.0,0.0,0.0,0.0,0.0,0.0,0.0,0.0,0.019771435466466616,1,1,1,1,1,80.54867553710938,638.9458923339844,-558.397216796875,558.396484375,-10000.0,9960.9375,-546.875,0.05775228549478228,0.5564477212898296,True,20560635,21.07205578439873,2026-07-01T14:22:58+08:00,0.02587941867121435,0.022146029657487798,2.9922995596817312,0.9718642013134584,-20.0,0.0,3.0,27.88230639300309,sionna_rt_pathsolver,sionna.rt.PathSolver,2,True,True,False,False,False,1,2048,27.783565868041478,2048,1,1,122880000.0
single_blade_v0_0006,single_blade_v0,images/single_blade_v0/single_blade_v0_0006.png,tensors/single_blade_v0/single_blade_v0_0006.npz,floor_wall,sionna_rt_pathsolver,,,,,,28000000000.0,20000.0,2048,0.1024,48,36,512,0.0024,416.6666666666667,24.86402102048618,0.0402187562171087,156.22525155332315,156.22525155332315,156.22525155332315,1.0,0.0,0.0,0.0,0.0,0.0,0.0,0.0,0.0,0.0,0.019692372024291558,1,1,1,1,1,-32.38664627075195,607.053150177002,-574.6672973632812,574.66650390625,-10000.0,9960.9375,-507.8125,0.05967365044916683,0.5462612990936028,True,20560636,23.958799988695592,2026-07-01T14:23:26+08:00,-0.02762850311388513,-0.046699037954916006,3.0123404133115206,4.2874800046949275,-20.0,0.0,3.0,28.12336604297161,sionna_rt_pathsolver,sionna.rt.PathSolver,2,True,True,False,False,False,1,2048,28.025805890909396,2048,1,1,122880000.0
single_blade_v0_0007,single_blade_v0,images/single_blade_v0/single_blade_v0_0007.png,tensors/single_blade_v0/single_blade_v0_0007.npz,floor_wall,sionna_rt_pathsolver,,,,,,28000000000.0,20000.0,2048,0.1024,48,36,512,0.0024,416.6666666666667,25.060782461617194,0.039902983936418925,157.46154014925702,157.46154014925702,157.46154014925702,1.0,0.0,0.0,0.0,0.0,0.0,0.0,0.0,0.0,0.0,0.02120493774999623,1,1,1,1,1,-46.5330696105957,670.2364387512207,-623.7030639648438,623.703369140625,-1718.75,1757.8125,351.5625,0.06014587790788126,0.6078900206011413,True,20560637,34.14337967878558,2026-07-01T14:23:54+08:00,0.003566092861846046,0.03303506884730727,3.0365353402936757,1.7389447649580585,-20.0,0.0,3.0,28.282437742920592,sionna_rt_pathsolver,sionna.rt.PathSolver,2,True,True,False,False,False,1,2048,28.18933590897359,2048,1,1,122880000.0
single_blade_v0_0008,single_blade_v0,images/single_blade_v0/single_blade_v0_0008.png,tensors/single_blade_v0/single_blade_v0_0008.npz,floor_wall,sionna_rt_pathsolver,,,,,,28000000000.0,20000.0,2048,0.1024,48,36,512,0.0024,416.6666666666667,27.193513670574543,0.036773475179196,170.86188554554118,170.86188554554118,170.86188554554118,1.0,0.0,0.0,0.0,0.0,0.0,0.0,0.0,0.0,0.0,0.021478109526752533,1,1,1,1,1,60.634056091308594,746.1336288452148,-685.4995727539062,685.4996337890625,-10000.0,9960.9375,-664.0625,0.0652644328093789,0.734318200474159,True,20560638,28.511214138804327,2026-07-01T14:24:23+08:00,0.0034463469677960407,0.01446464977777459,2.9502099087543745,0.23984474331525277,-20.0,0.0,3.0,28.348443555063568,sionna_rt_pathsolver,sionna.rt.PathSolver,2,True,True,False,False,False,1,2048,28.25253541895654,2048,1,1,122880000.0
single_blade_v0_0009,single_blade_v0,images/single_blade_v0/single_blade_v0_0009.png,tensors/single_blade_v0/single_blade_v0_0009.npz,floor_wall,sionna_rt_pathsolver,,,,,,28000000000.0,20000.0,2048,0.1024,48,36,512,0.0024,416.6666666666667,26.459685495352876,0.037793344148993394,166.251107136994,166.251107136994,166.251107136994,1.0,0.0,0.0,0.0,0.0,0.0,0.0,0.0,0.0,0.0,0.020580634171003583,1,1,1,1,1,50.5955810546875,689.7244873046875,-639.12890625,639.1282958984375,-1757.8125,1757.8125,-312.5,0.0635032451888469,0.660484567491263,True,20560639,33.682809393456694,2026-07-01T14:24:51+08:00,0.028582569567883714,-0.015422739224755302,3.047198760331364,4.456893172589456,-20.0,0.0,3.0,28.45826707407832,sionna_rt_pathsolver,sionna.rt.PathSolver,2,True,True,False,False,False,1,2048,28.36528553790413,2048,1,1,122880000.0
